{
  "config": "finetune_layer4_aug",
  "fold_aucs": [
    0.9954361054766734,
    0.9954545454545455,
    0.9798165137614679,
    0.9780885780885782,
    0.9905023216547066
  ],
  "mean_auc": 0.9878596128871944,
  "std_auc": 0.00751311805940725
}