{
  "train_loss": [
    0.5210285498717121,
    0.33109408174162713,
    0.28254659582521313,
    0.22511312560500385,
    0.22191585675578251,
    0.19589388835652966,
    0.1850714748707887,
    0.17875650394185683
  ],
  "val_loss": [
    0.39329427744434997,
    0.2797230468914572,
    0.29952107706164893,
    0.22223070131993927,
    0.19510331446618107,
    0.20633313297170452,
    0.18607916715925774,
    0.18888407312663255
  ]
}